word,length
the,3
be,2
to,2
and,3
a,1
of,2
in,2
i,1
that,4
you,3
it,2
have,4
for,3
do,2
on,2
he,2
with,4
this,4
as,2
n't,3
we,2
not,3
but,3
they,4
say,3
at,2
what,4
his,3
from,4
go,2
by,2
or,2
get,3
she,3
can,3
my,2
all,3
there,5
so,2
her,3
about,5
one,3
know,4
if,2
me,2
your,4
who,3
like,4
out,3
will,4
their,5
would,5
just,4
when,4
up,2
make,4
more,4
no,2
think,5
time,4
see,3
come,4
people,6
take,4
year,4
him,3
other,5
them,4
some,4
want,4
how,3
now,3
which,5
right,5
could,5
look,4
than,4
our,3
into,4
here,4
well,4
because,7
then,4
use,3
work,4
back,4
way,3
only,4
these,5
over,4
thing,5
good,4
also,4
two,3
first,5
even,4
need,4
tell,4
where,5
man,3
after,5
day,3
find,4
give,4
very,4
new,3
any,3
most,4
us,2
much,4
those,5
down,4
should,6
call,4
many,4
really,6
mean,4
life,4
may,3
through,7
why,3
before,6
try,3
still,5
let,3
something,9
too,3
state,5
show,4
last,4
woman,5
little,6
long,4
never,5
feel,4
off,3
talk,4
world,5
help,4
such,4
yeah,4
great,5
child,5
oh,2
ask,3
own,3
while,5
school,6
start,5
around,6
leave,5
place,5
point,5
keep,4
love,4
home,4
put,3
change,6
big,3
another,7
same,4
high,4
both,4
play,4
american,8
three,5
every,5
house,5
become,6
part,4
between,7
happen,6
turn,4
each,4
family,6
run,3
end,3
president,9
old,3
yes,3
lot,3
again,5
student,7
seem,4
might,5
hand,4
hear,4
its,3
problem,7
question,8
believe,7
country,7
live,4
move,4
since,5
always,6
better,6
next,4
far,3
week,4
away,4
case,4
few,3
name,4
group,5
against,7
guy,3
kind,4
study,5
sure,4
night,5
best,4
game,4
number,6
head,4
bad,3
write,5
bring,5
hold,4
without,7
money,5
book,4
system,6
government,10
city,4
company,7
story,5
today,5
job,3
must,4
okay,4
friend,6
during,6
face,4
begin,5
under,5
different,9
issue,5
open,4
stop,4
ever,4
word,4
though,6
report,6
set,3
fact,4
enough,6
pay,3
early,5
program,7
second,6
care,4
course,6
read,4
anything,8
nothing,7
small,5
until,5
month,5
kid,3
once,4
public,6
maybe,5
business,8
close,5
plan,4
million,7
hard,4
idea,4
room,4
percent,7
law,3
watch,5
actually,8
large,5
provide,7
lose,4
power,5
support,7
war,3
understand,10
mother,6
real,4
team,4
line,4
eye,3
lead,4
side,4
stand,5
water,5
young,5
wait,4
yet,3
less,4
meet,4
service,7
area,4
important,9
person,6
hey,3
result,6
thank,5
someone,7
however,7
black,5
hour,4
everything,10
win,3
national,8
four,4
girl,4
father,6
hope,4
force,5
sit,3
experience,10
create,6
information,11
car,3
learn,5
least,5
already,7
fall,4
kill,4
minute,6
cause,5
party,5
include,7
human,5
together,8
follow,6
health,6
control,7
remember,8
often,5
reason,6
speak,5
ago,3
past,4
break,5
level,5
member,6
walk,4
community,9
late,4
social,6
stay,4
news,4
allow,5
body,4
base,4
mind,4
continue,8
whether,7
deal,4
spend,5
top,3
able,4
political,9
almost,6
boy,3
university,10
light,5
offer,5
research,8
white,5
add,3
later,5
whole,5
five,4
probably,8
free,4
center,6
among,5
form,4
cut,3
die,3
process,7
post,4
matter,6
food,4
else,4
history,7
buy,3
morning,7
parent,6
office,6
figure,6
sound,5
act,3
send,4
along,5
drive,5
please,6
note,4
door,4
several,7
court,5
return,6
grow,4
across,6
answer,6
moment,6
sense,5
including,9
cost,4
age,3
consider,8
pass,4
within,6
step,4
view,4
behind,6
street,6
everyone,8
test,4
policy,6
table,5
record,6
sorry,5
low,3
general,7
rather,6
market,6
share,5
TRUE,4
teacher,7
data,4
vote,4
death,5
hit,3
easy,4
education,9
build,5
wrong,5
expect,6
tax,3
himself,7
either,6
pretty,6
future,6
college,7
music,5
fight,5
republican,10
appear,6
rate,4
sign,4
bit,3
class,5
police,6
effect,6
season,6
fire,4
clear,5
heart,5
son,3
art,3
local,5
individual,10
present,7
miss,4
possible,8
serve,5
cover,5
although,8
value,5
reach,5
air,3
require,7
foot,4
pick,4
design,6
increase,8
half,4
listen,6
agree,5
according,9
anyone,6
baby,4
order,5
focus,5
check,5
decide,6
model,5
full,4
comment,7
interest,8
sometimes,9
security,8
eat,3
suggest,7
nation,6
major,5
front,5
sell,4
action,6
official,8
wife,4
instead,7
decision,8
receive,7
phone,5
attack,6
thanks,6
project,7
soon,4
event,5
rule,4
practice,8
strong,6
remain,6
outside,7
explain,7
site,4
claim,5
rest,4
pull,4
church,6
perhaps,7
relationship,12
six,3
fine,4
movie,5
field,5
raise,5
position,8
list,4
likely,6
player,6
couple,6
themselves,10
especially,10
difference,10
development,11
federal,7
former,6
role,4
myself,6
picture,7
star,4
price,5
effort,6
nice,4
quite,5
military,8
voice,5
finally,7
department,10
toward,6
leader,6
inside,6
land,4
photo,5
wear,4
space,5
special,7
lie,3
patient,7
film,4
catch,5
guess,5
type,4
arm,3
town,4
article,7
approach,8
charge,6
road,4
chance,6
drug,4
economic,8
press,5
situation,9
choose,6
happy,5
science,7
join,4
risk,4
campaign,8
teach,5
develop,7
yourself,8
carry,5
brother,7
dead,4
above,5
image,5
simply,6
middle,6
society,7
piece,5
paper,5
energy,6
personal,8
stuff,5
building,8
drop,4
doctor,6
wonder,6
activity,8
exactly,7
short,5
media,5
evidence,8
product,7
realize,7
save,4
race,4
technology,10
term,4
color,5
describe,8
choice,6
source,6
mom,3
director,8
international,13
ground,6
election,8
uh,2
measure,7
park,4
standard,8
page,4
itself,6
response,8
produce,7
certain,7
whatever,8
benefit,7
visit,5
video,5
store,5
alone,5
throw,5
third,5
near,4
recent,6
key,3
available,9
ready,5
opportunity,11
rise,4
oil,3
release,7
organization,12
character,9
single,6
current,7
address,7
county,6
dad,3
whose,5
challenge,9
shoot,5
industry,8
attention,9
forget,6
deep,4
plant,5
dog,3
red,3
hair,4
condition,9
sleep,5
subject,7
wall,4
daughter,8
review,6
account,7
author,6
truth,5
average,7
upon,4
husband,7
period,6
series,6
officer,7
feature,7
wish,4
dark,4
computer,8
thought,7
economy,7
goal,4
bank,4
behavior,8
certainly,9
nearly,6
fear,4
complete,8
dream,5
north,5
blood,5
culture,7
interview,9
medical,7
ok,2
everybody,9
drink,5
difficult,9
language,8
window,6
population,10
tree,4
judge,5
worker,6
date,4
draw,4
worry,5
push,4
earth,5
per,3
private,7
hundred,7
tonight,7
thousand,8
letter,6
gun,3
mention,7
simple,6
involve,7
hell,4
fast,4
poor,4
score,5
concern,7
laugh,5
nature,6
administration,14
common,6
message,7
sort,4
song,4
enjoy,5
similar,7
smile,5
congress,8
fund,4
fun,3
finish,6
hot,3
left,4
seek,4
travel,6
amount,6
analysis,8
defense,7
bill,4
final,5
cell,4
performance,11
hospital,8
bed,3
board,5
trade,5
green,5
attempt,7
protect,7
century,7
summer,6
material,8
recently,8
example,7
represent,9
fill,4
blue,4
total,5
animal,6
fail,4
particular,10
factor,6
range,5
search,6
natural,7
sir,3
agency,6
usually,7
significant,11
ability,7
mile,4
statement,9
access,6
notice,6
entire,6
democrat,8
floor,5
serious,7
coach,5
career,6
billion,7
ahead,5
dollar,6
hurt,4
compare,7
south,5
forward,7
file,4
financial,9
identify,8
beautiful,9
touch,5
decade,6
reduce,6
sister,6
lack,4
quality,7
quickly,7
fan,3
promise,7
beat,4
accept,6
enter,5
thus,4
demand,6
movement,8
scene,5
stick,5
chief,5
section,7
hate,4
treatment,9
interesting,11
west,4
rock,4
candidate,9
link,4
determine,9
resource,8
prove,5
trust,5
cool,4
potential,9
size,4
somebody,8
knowledge,9
hang,4
limit,5
sport,5
tv,2
loss,4
argue,5
meeting,7
skill,5
cold,4
card,4
feeling,7
despite,7
degree,6
crime,5
occur,5
imagine,7
due,3
king,4
box,3
photograph,10
seven,5
credit,6
foreign,7
debate,6
disease,7
lady,4
ride,4
beyond,6
discuss,7
track,5
ball,4
east,4
professional,12
recognize,9
apply,5
prepare,7
network,7
huge,4
fly,3
success,7
district,8
cup,3
clean,5
direct,6
physical,8
growth,6
worth,5
hi,2
block,5
theory,6
staff,5
respect,7
legal,5
september,9
count,5
target,6
et,2
strategy,8
clearly,7
property,8
lay,3
authority,9
perfect,7
method,6
strike,6
region,6
impact,6
indicate,8
safe,4
committee,9
supposed,8
dress,5
train,5
influence,9
wind,4
march,5
training,8
central,7
option,6
gain,4
eight,5
particularly,12
completely,10
opinion,7
main,4
ten,3
exist,5
remove,6
online,6
content,7
living,6
union,5
professor,9
pressure,8
purpose,7
stage,5
christian,9
herself,7
sun,3
pain,4
artist,6
employee,8
avoid,5
environment,11
treat,5
male,4
specific,8
version,7
shot,4
female,6
reality,7
club,4
justice,7
river,5
brain,5
memory,6
below,5
contact,7
favorite,8
camera,6
global,6
various,7
arrive,6
detail,6
argument,8
murder,6
nobody,6
roll,4
weapon,6
station,7
island,6
absolutely,10
discussion,10
associate,9
affect,6
firm,4
anyway,6
spot,4
respond,7
ship,4
trouble,7
conversation,12
manage,6
except,6
army,4
seat,4
assume,6
writer,6
perform,7
marriage,8
operation,9
indeed,6
spring,6
necessary,9
heat,4
secret,6
reveal,6
agent,5
bar,3
leg,3
contain,7
democratic,10
glass,5
improve,7
adult,5
religious,9
welcome,7
association,11
stock,5
gas,3
lawyer,6
production,10
handle,6
relate,6
bear,4
management,10
original,8
victim,6
cancer,6
speech,6
trial,5
none,4
cross,5
item,4
weight,6
tomorrow,8
struggle,8
dance,5
feed,4
positive,8
citizen,7
fit,3
trip,4
establish,9
executive,9
english,7
politics,8
customer,8
manager,7
tie,3
publish,7
popular,7
sing,4
conference,10
senior,6
discover,8
direction,9
sunday,6
maintain,8
straight,8
majority,8
peace,5
dinner,6
mine,4
partner,7
user,4
bag,3
conduct,7
therefore,9
rich,4
tough,5
owner,5
shall,5
voter,5
tool,4
june,4
slow,4
mountain,8
friday,6
attorney,8
unless,6
nor,3
expert,6
document,8
structure,9
budget,6
function,8
shape,5
insurance,9
text,4
freedom,7
crazy,5
reader,6
cry,3
style,5
machine,7
battle,6
november,8
generation,10
income,6
born,4
admit,5
hello,5
object,6
onto,4
sea,3
mouth,5
throughout,10
conservative,12
web,3
shake,5
threat,6
solution,8
shut,4
scientist,9
hide,4
obviously,9
refer,5
damage,6
mark,4
investigation,13
jump,4
senator,7
unit,4
july,4
television,10
radio,5
prevent,7
modern,6
senate,6
violence,8
wave,4
audience,8
evening,7
whom,4
ring,4
hall,4
task,4
bottom,6
wake,4
skin,4
suffer,6
wide,4
civil,5
safety,6
weekend,7
supply,6
title,5
host,4
normal,6
survey,6
yard,4
finger,6
fat,3
tend,4
shop,4
surprise,8
mission,7
eventually,10
participant,11
hotel,5
pattern,7
shift,5
speed,5
institution,11
faith,5
reflect,7
folk,4
surface,7
exercise,8
separate,8
client,6
edge,4
traditional,11
council,7
device,6
environmental,13
responsibility,14
chair,5
guard,5
internet,8
october,7
excuse,6
warm,4
funny,5
immediately,11
investment,10
effective,9
previous,8
consumer,8
honor,5
element,7
nuclear,7
daily,5
correct,7
spirit,6
directly,8
afraid,6
define,6
announce,8
journal,7
tear,4
heavy,5
ice,3
primary,7
collection,10
soldier,7
governor,8
fish,4
shoulder,8
cultural,8
successful,10
fair,4
suddenly,8
match,5
interested,10
deliver,7
saturday,8
editor,6
fresh,5
anybody,7
destroy,7
suit,4
critical,8
mass,4
agreement,9
powerful,8
researcher,10
concept,7
willing,7
band,4
marry,5
easily,6
restaurant,10
league,6
capital,7
anymore,7
april,5
etc,3
quick,5
magazine,8
status,6
attend,6
replace,7
european,8
hill,4
doubt,5
kitchen,7
favor,5
achieve,7
request,7
screen,6
generally,9
mistake,7
estimate,8
arrest,6
basic,5
display,7
neither,7
corner,6
driver,6
beginning,9
spread,6
religion,8
crisis,6
museum,6
engage,6
communication,13
express,7
huh,3
encourage,9
french,6
blog,4
kick,4
belief,6
debt,4
labor,5
abuse,5
understanding,13
balance,7
neighborhood,12
contract,8
species,7
additional,10
sample,6
desire,6
involved,8
mostly,6
path,4
concerned,9
indian,6
apple,5
complex,7
plus,4
god,3
wonderful,9
library,7
prison,6
hole,4
code,4
sales,5
award,5
gift,4
refuse,6
garden,6
introduce,9
blame,5
definitely,10
lake,4
earn,4
cook,4
plane,5
vehicle,7
examine,7
waste,5
application,11
witness,7
coffee,6
criminal,8
reform,6
ignore,6
gold,4
planet,6
location,8
bird,4
amazing,7
exchange,8
principle,9
promote,7
nine,4
launch,6
alive,5
possibility,11
sky,3
otherwise,9
grant,5
mix,3
remind,6
healthy,7
stress,6
horse,5
advantage,9
novel,5
commercial,10
steal,5
basis,5
context,7
highly,6
christmas,9
strength,8
monday,6
beach,5
purchase,8
writing,7
master,6
scale,5
resident,8
football,8
sweet,5
failure,7
paint,5
reporter,8
catholic,8
commit,6
suspect,7
vision,6
truly,5
sick,4
stupid,6
chinese,7
connection,10
camp,4
stone,5
truck,5
afternoon,9
responsible,11
secretary,9
apparently,10
smart,5
southern,8
totally,7
tip,3
western,7
collect,7
conflict,8
burn,4
learning,8
contribute,10
british,7
following,9
copy,4
newspaper,9
foundation,10
variety,7
perspective,11
presence,8
stare,5
guide,5
taste,5
lesson,6
appreciate,10
observe,7
schedule,8
print,5
currently,9
crowd,5
apartment,9
quote,5
survive,7
guest,5
soul,4
protection,10
intelligence,12
yesterday,9
dry,3
somewhere,9
smell,5
border,6
reading,7
terms,5
leadership,10
attitude,8
decline,7
um,2
deny,4
website,7
seriously,9
actual,6
recall,6
fix,3
dozen,5
regard,6
negative,8
alternative,11
pack,4
connect,7
distance,8
regular,7
climate,7
relation,8
flight,6
graduate,8
dangerous,9
boat,4
aspect,6
grab,4
january,7
liberal,7
independent,11
volume,6
joke,4
am,2
lots,4
theater,7
aware,5
identity,8
extra,5
demonstrate,11
fully,5
appeal,6
tuesday,7
facility,8
flow,4
rain,4
farm,4
august,6
hire,4
russian,7
shoe,4
institute,9
overall,7
smoke,5
quarter,7
basically,9
forest,6
multiple,8
poll,4
advance,7
wild,4
twice,5
background,10
settle,6
giant,5
winter,6
presidential,12
operate,7
muslim,6
division,8
slowly,6
advice,6
reaction,8
injury,6
ticket,6
grade,5
wow,3
birth,5
lock,4
painting,8
outcome,7
enemy,5
kiss,4
being,5
storm,5
bowl,4
commission,10
captain,7
bet,3
double,6
ear,3
troop,5
wood,4
root,4
minister,8
neighbor,8
tiny,4
mental,6
software,8
glad,4
load,4
finding,7
lord,4
damn,4
transfer,8
temperature,11
quiet,5
bright,6
annual,6
procedure,9
tradition,9
threaten,8
round,5
strange,7
actor,5
active,6
cat,3
depend,6
bus,3
german,6
clothes,7
aim,3
affair,6
category,8
topic,5
victory,7
evil,4
towards,7
map,3
egg,3
ensure,6
expression,10
session,7
competition,11
possibly,8
technique,9
intend,6
impossible,10
escape,6
moral,5
academic,8
wine,4
somehow,7
addition,8
gather,6
scientific,10
square,6
african,7
participate,11
gay,3
appropriate,11
youth,5
signal,6
weather,7
recommend,9
fellow,6
medicine,8
obvious,7
thursday,8
explore,7
extend,6
bay,3
invite,6
frame,5
ah,2
belong,6
obtain,6
broad,5
conclusion,10
progress,8
pop,3
assessment,10
cash,4
defend,6
trail,5
representative,14
aid,3
pound,5
married,7
pair,4
slightly,8
cast,4
loan,4
village,7
historical,10
meaning,7
lift,4
ourselves,9
apart,5
honey,5
bone,4
consequence,11
unique,6
regulation,10
familiar,8
classroom,9
stretch,7
reference,9
emerge,6
lunch,5
ad,2
instruction,11
emergency,9
thinking,8
tour,4
combine,7
moon,4
sad,3
december,8
anywhere,8
chicken,7
rush,4
fuel,4
construction,12
wednesday,9
deserve,7
famous,6
intervention,12
grand,5
confirm,7
lucky,5
insist,6
coast,5
proud,5
fourth,6
cop,3
angry,5
native,6
supreme,7
baseball,8
email,5
accident,8
duty,4
growing,7
revenue,7
expand,6
trend,5
repeat,6
breath,6
inch,4
neck,4
core,4
terrible,8
relatively,10
soft,4
generate,8
extremely,9
monitor,7
forever,7
corporate,9
prefer,6
cheap,5
literature,10
mayor,5
importance,10
danger,6
emotional,9
knee,4
capture,7
update,6
traffic,7
plate,5
equipment,9
select,6
command,7
studio,6
expensive,9
engine,6
adopt,5
luck,4
via,3
pm,2
panel,5
hero,4
circle,6
critic,6
terrorist,9
solve,5
busy,4
episode,7
requirement,11
politician,10
israeli,7
reply,5
colleague,9
disappear,9
beer,4
predict,7
tired,5
democracy,9
ultimately,10
setting,7
works,5
unfortunately,13
theme,5
united,6
pool,4
volunteer,9
educational,11
empty,5
comfortable,11
swing,5
investigate,11
useful,6
pocket,6
digital,7
plenty,6
entirely,8
afford,6
japanese,8
sugar,5
teaching,8
chairman,8
error,5
bridge,6
tall,4
specifically,12
flower,6
mess,4
universe,8
acknowledge,11
crash,5
coverage,8
crew,4
assistant,9
locate,6
equal,5
lip,3
lean,4
zone,4
wedding,7
used,4
protest,7
prior,5
relative,8
meal,4
minority,8
switch,6
sight,5
soviet,6
profit,6
careful,7
gender,6
tape,4
ocean,5
unidentified,12
circumstance,12
boss,4
declare,7
chemical,8
domestic,8
secure,6
tea,3
organize,8
rank,4
surround,8
manner,6
surprised,9
percentage,10
massive,7
cloud,5
winner,6
honest,6
propose,7
rely,4
vice,4
sentence,8
label,5
appearance,10
regarding,9
excellent,9
salt,4
beauty,6
bottle,6
component,9
fee,3
jewish,6
yours,5
shirt,5
plastic,7
tooth,5
meat,4
illegal,7
significantly,13
february,8
constitution,12
definition,10
uncle,5
metal,5
album,5
self,4
suppose,7
investor,8
fruit,5
holy,4
palestinian,11
desk,4
eastern,7
tight,5
valley,6
largely,7
abortion,8
classic,7
chapter,7
commitment,10
celebrate,9
peer,4
prime,5
urban,5
shock,5
unlike,6
internal,8
bother,6
proposal,8
capacity,8
guilty,6
warn,4
weak,4
advocate,8
nose,4
variable,8
convention,10
jury,4
incident,8
climb,5
hearing,7
everywhere,10
magic,5
payment,7
conclude,8
scream,6
surgery,7
shadow,6
increasingly,12
chest,5
slide,5
amendment,9
besides,7
complain,8
extent,6
pleasure,8
nod,3
holiday,7
draft,5
super,5
talent,6
necessarily,11
net,3
expectation,11
accuse,6
knock,5
previously,10
arab,4
wing,4
corporation,11
sector,6
experiment,10
finance,7
thin,4
farmer,6
rare,4
confidence,10
bunch,5
bite,4
cite,4
northern,8
speaker,7
breast,6
contribution,12
leaf,4
creative,8
interaction,11
hat,3
pursue,6
nurse,5
long-term,9
gene,4
package,7
weird,5
difficulty,10
hardly,6
daddy,5
era,3
encounter,9
vs,2
invest,6
personally,10
notion,6
explanation,11
airport,7
chain,5
expose,6
convince,8
channel,7
carefully,9
estate,6
initial,7
forth,5
crack,5
bond,4
birthday,8
pray,4
improvement,11
ancient,7
loud,4
ought,5
pitch,5
brown,5
dear,4
fashion,7
length,6
sheet,5
funding,7
meanwhile,9
fault,5
barely,6
eliminate,9
motion,6
essential,9
combination,11
limited,7
description,11
snow,4
implement,9
chase,5
proper,6
marketing,9
approve,7
bomb,4
slip,4
regional,8
muscle,6
orange,6
creation,8
typically,9
spending,8
instrument,10
thick,5
increased,9
inspire,7
noise,5
yellow,6
e-mail,6
cycle,5
app,3
golden,6
reject,6
inform,6
perception,10
flat,4
visitor,7
given,5
contrast,8
judgment,8
glance,6
regime,6
merely,6
producer,8
whoa,4
route,5
typical,7
analyst,7
elect,5
objective,9
disability,10
upset,5
comparison,10
rating,6
campus,6
assess,6
delay,5
solid,5
branch,6
mad,3
somewhat,8
gentleman,9
opposition,10
reserve,7
aside,5
athlete,7
opening,7
prayer,6
frequently,10
employ,6
basketball,10
existing,8
revolution,10
click,5
emotion,7
ban,3
platform,8
marine,6
brand,5
enable,6
legislation,11
lab,3
oppose,6
row,3
collapse,8
immigration,11
asset,5
observation,11
attract,7
ha,2
household,9
harm,4
breathe,7
existence,9
mirror,6
pilot,5
relief,6
milk,4
warning,7
heaven,6
literally,9
quit,4
calorie,7
seed,4
vast,4
bike,4
employer,8
drag,4
technical,9
strip,5
disaster,8
nearby,6
sale,4
bathroom,8
succeed,7
consistent,10
agenda,6
enforcement,11
diet,4
silence,7
journalist,10
bible,5
queen,5
divide,6
expense,7
defeat,6
cream,5
exposure,8
priority,8
soil,4
angel,5
principal,9
journey,7
relevant,8
tank,4
cheese,6
sink,4
bedroom,7
tone,4
selection,9
perfectly,9
wheel,5
gap,3
veteran,7
disagree,8
characteristic,14
protein,7
fool,4
resolution,10
till,4
fewer,5
mount,5
engineer,8
dish,4
depression,10
dude,4
running,7
upper,5
wrap,4
ceo,3
visual,6
initiative,10
gate,4
whenever,8
entry,5
gray,4
assistance,10
height,6
compete,7
essentially,11
phase,5
recover,7
criticism,9
faculty,7
pause,5
achievement,11
alcohol,7
therapy,7
ideal,5
offense,7
killer,6
personality,11
landscape,9
deeply,6
reasonable,10
trap,4
transition,10
fairly,6
column,6
wash,4
button,6
opponent,8
pour,4
immigrant,9
distribution,12
golf,4
pregnant,8
unable,6
violent,7
portion,7
divorce,7
acquire,7
suicide,7
deficit,7
symptom,7
solar,5
complaint,9
capable,7
analyze,7
plain,5
counter,7
scared,6
supporter,9
dig,3
twenty,6
pretend,7
philosophy,10
childhood,9
lower,5
wealth,6
welfare,7
poverty,7
prosecutor,10
yield,5
spiritual,9
evaluate,8
reward,6
buck,4
knife,5
tech,4
detective,9
disorder,8
creature,8
rescue,6
rent,4
closely,7
industrial,10
housing,7
chip,4
regardless,10
numerous,8
trace,5
medium,6
civilian,8
shooting,8
layer,5
bread,5
exception,9
passion,7
highway,7
pure,4
commander,9
alien,5
extreme,7
publication,11
mystery,7
championship,12
install,7
tale,4
liberty,7
beneath,7
passenger,9
physician,9
sharp,5
substance,9
atmosphere,10
stir,4
sudden,6
passage,7
pepper,6
emphasize,9
cable,5
recipe,6
hook,4
beside,6
roof,4
vegetable,9
accomplish,10
attribute,9
silent,6
habit,5
discovery,9
minimum,7
recovery,8
dna,3
territory,9
girlfriend,10
consist,7
surely,6
proof,5
nervous,7
immediate,9
parking,7
sin,3
unusual,7
rice,4
engineering,11
bury,4
cake,4
anonymous,9
flag,4
brush,5
pro,3
contemporary,12
jail,4
sacrifice,9
rural,5
interpretation,14
wage,4
breakfast,9
severe,6
profile,7
saving,6
brief,5
adjust,6
reduction,9
constantly,10
assist,6
constant,8
permit,6
primarily,9
entertainment,13
exhibit,7
shout,5
academy,7
teaspoon,8
usual,5
ally,4
clinical,8
flash,5
swear,5
avenue,6
priest,6
employment,10
relax,5
owe,3
transform,9
grass,5
narrow,6
downtown,8
ethnic,6
scholar,7
edition,7
abandon,7
practical,9
infection,9
musical,7
suggestion,10
resistance,10
prince,6
illness,7
embrace,7
republic,8
evaluation,10
tune,4
opposite,8
awesome,7
iraqi,5
iron,4
perceive,8
fundamental,11
phrase,6
assumption,10
sand,4
designer,8
planning,8
leading,7
mode,4
widely,6
occasion,8
pose,4
approximately,13
retire,6
elsewhere,9
festival,8
cap,3
attach,6
mechanism,9
intention,9
scenario,8
yell,4
incredible,10
spanish,7
strongly,8
racial,6
transportation,14
stem,4
pot,3
boyfriend,9
consideration,13
retirement,10
rarely,6
joint,5
trigger,7
preserve,8
enormous,8
cigarette,9
factory,7
valuable,8
clip,4
electric,8
slave,5
submit,6
effectively,11
resolve,7
remaining,9
participation,13
stream,6
rid,3
origin,6
teen,4
slice,5
pump,4
congressional,13
bind,4
coat,4
tower,5
license,7
twitter,7
flood,5
impose,6
innocent,8
curriculum,10
mail,4
insight,7
investigator,12
virus,5
hurricane,9
accurate,8
provision,9
communicate,11
vary,4
jacket,6
increasing,10
equally,7
implication,11
fiction,7
mama,4
imply,5
twin,4
pant,4
bend,4
criteria,8
ease,4
dirty,5
toy,3
potentially,11
seal,4
assault,7
peak,4
anger,5
boot,4
dramatic,8
repair,6
enhance,7
math,4
compromise,10
pink,4
dust,4
aunt,4
lost,4
prospect,8
mood,4
mm-hmm,6
settlement,10
justify,7
depth,5
juice,5
formal,6
virtually,9
gallery,7
tension,7
throat,6
reputation,10
index,5
normally,8
joy,3
steel,5
motor,5
enterprise,10
salary,6
moreover,8
cousin,6
ordinary,8
evolution,9
so-called,9
helpful,7
competitive,11
lovely,6
fishing,7
anxiety,7
carbon,6
essay,5
islamic,7
drama,5
odd,3
stranger,8
belt,4
urge,4
toss,4
fifth,5
formula,7
potato,6
monster,7
telephone,9
palm,4
jet,3
navy,4
excited,7
plot,4
angle,5
criticize,9
prisoner,8
discipline,10
negotiation,11
butter,6
desert,6
complicated,11
prize,5
blind,5
assign,6
bullet,6
awareness,9
sequence,8
illustrate,10
provider,8
minor,5
activist,8
poem,4
vacation,8
weigh,5
gang,4
privacy,7
clock,5
arrange,7
penalty,7
stomach,7
concert,7
originally,10
statistics,10
electronic,10
properly,8
bureau,6
wolf,4
and/or,6
recommendation,14
exciting,8
maker,5
impression,10
broken,6
battery,7
narrative,9
arise,5
sake,4
delivery,8
forgive,7
visible,7
heavily,7
junior,6
rep,3
diversity,9
string,6
lawsuit,7
latter,6
cute,4
deputy,6
restore,7
buddy,5
psychological,13
intense,7
friendly,8
lane,4
hungry,6
bean,4
sauce,5
dominate,8
testing,7
twist,5
trick,5
fantasy,7
absence,7
offensive,9
symbol,6
recognition,11
detect,6
tablespoon,10
construct,9
hmm,3
approval,8
aids,4
whereas,7
defensive,9
independence,12
apologize,9
asian,5
rose,4
ghost,5
involvement,11
permanent,9
punch,5
wire,4
whisper,7
mouse,5
airline,7
founder,7
nowhere,7
spell,5
sponsor,7
phenomenon,10
evolve,6
exact,5
silver,6
cent,4
universal,9
teenager,8
crucial,7
viewer,6
ridiculous,10
chocolate,9
sensitive,9
grandmother,11
missile,7
roughly,7
constitutional,14
adventure,9
genetic,7
related,7
ultimate,8
manufacturer,12
unknown,7
wipe,4
crop,4
survival,8
dimension,9
resist,6
darkness,8
guarantee,9
historic,8
educator,8
rough,5
personnel,9
confront,8
royal,5
elite,5
occupy,6
emphasis,8
wet,3
destruction,11
raw,3
inner,5
proceed,7
violate,7
chart,5
pace,4
champion,8
snap,4
advise,6
initially,9
advanced,8
unlikely,8
barrier,7
horrible,8
burden,6
violation,9
idiot,5
lifetime,8
working,7
ongoing,7
react,5
routine,7
presentation,12
gear,4
mexican,7
stadium,7
translate,9
mortgage,8
sheriff,7
clinic,6
spin,4
coalition,9
naturally,9
hopefully,9
menu,4
smooth,6
advertising,11
interpret,9
dismiss,7
apparent,8
arrangement,11
incorporate,11
split,5
brilliant,9
storage,7
framework,9
honestly,8
sigh,4
assure,6
utility,7
aggressive,10
cookie,6
terror,6
wealthy,7
forum,5
alliance,8
possess,7
empire,6
curious,7
interior,8
corn,4
calculate,9
hurry,5
testimony,9
elementary,10
stake,5
precisely,9
substantial,11
depending,9
tissue,6
concentration,13
developer,9
found,5
ballot,6
consume,7
overcome,8
biological,10
chamber,7
similarly,9
dare,4
developing,10
tiger,5
ratio,5
transport,9
lover,5
expansion,9
cure,4
occasionally,12
unemployment,12
pet,3
awful,5
laboratory,10
administrator,13
quarterback,11
rocket,6
preparation,11
confident,9
strategic,9
publisher,9
innovation,10
highlight,9
nut,3
fighter,7
electricity,11
instance,8
fortune,7
freeze,6
variation,9
armed,5
negotiate,9
laughter,8
wisdom,6
correspondent,13
mixture,7
retain,6
tomato,6
testify,7
ingredient,10
galaxy,6
qualify,7
scheme,6
gop,3
shame,5
concentrate,11
contest,7
introduction,12
comic,5
boundary,8
tube,4
versus,6
chef,4
regularly,9
ugly,4
screw,5
tongue,6
fiscal,6
creek,5
hip,3
accompany,9
terrorism,9
respondent,10
narrator,8
voting,6
refugee,7
assembly,8
fraud,5
limitation,10
partnership,11
representation,14
ministry,8
wise,4
register,8
comedy,6
tap,3
infrastructure,14
organic,7
islam,5
diverse,7
intellectual,12
port,4
fate,4
absolute,8
dialogue,8
frequency,9
tribe,5
external,8
appointment,11
convert,7
surprising,10
mobile,6
establishment,13
worried,7
bye,3
shopping,8
celebrity,9
congressman,11
impress,7
taxpayer,8
adapt,5
publicly,8
pride,5
clothing,8
rapidly,7
domain,6
mainly,6
ceiling,7
alter,5
shelter,7
random,6
obligation,10
shower,6
beg,3
asleep,6
musician,8
extraordinary,13
dirt,4
pc,2
bell,4
ceremony,8
clue,4
guideline,9
comfort,7
pregnancy,9
borrow,6
conventional,12
tourist,7
incentive,9
custom,6
cheek,5
tournament,10
satellite,9
comprehensive,13
stable,6
medication,10
script,6
educate,7
efficient,9
scare,5
psychology,10
logic,5
economics,9
nevertheless,12
devil,5
thirty,6
charity,7
fiber,5
friendship,10
motivation,10
differently,11
observer,8
humanity,8
survivor,8
fence,5
quietly,7
humor,5
funeral,7
spokesman,9
extension,9
loose,5
historian,9
ruin,4
singer,6
drunk,5
swim,4
onion,5
specialist,10
missing,7
pan,3
distribute,10
silly,5
deck,4
reflection,10
shortly,7
database,8
remote,6
permission,10
remarkable,10
everyday,8
lifestyle,9
sweep,5
naked,5
sufficient,10
lion,4
consumption,11
capability,10
emission,8
sidebar,7
crap,4
dealer,6
measurement,11
vital,5
impressive,10
bake,4
fantastic,9
adviser,7
mere,4
imagination,11
radical,7
tragedy,7
scary,5
consultant,10
lieutenant,10
attractive,10
acre,4
drawing,7
newly,5
scandal,7
ambassador,10
ooh,3
bench,5
odds,4
rat,3
horror,6
vulnerable,10
prevention,10
segment,7
tail,4
constitute,10
badly,5
bless,5
literary,8
implementation,14
legitimate,10
slight,6
desperate,9
distant,7
preference,10
politically,11
feedback,8
health-care,11
italian,7
detailed,8
buyer,5
cooperation,11
profession,10
incredibly,10
killing,7
sue,3
photographer,12
engagement,10
differ,6
extensive,9
salad,5
stair,5
grace,5
vessel,6
pig,3
assignment,10
distinction,11
circuit,7
acid,4
canadian,8
flee,4
efficiency,10
memorial,8
proposed,8
entity,6
iphone,6
punishment,10
pill,4
rub,3
romantic,8
myth,4
economist,9
latin,5
decent,6
craft,5
poetry,6
thread,6
wooden,6
confuse,7
privilege,9
coal,4
cow,3
characterize,12
pie,3
decrease,8
resort,6
legacy,6
re,2
frankly,7
cancel,6
derive,6
dumb,4
scope,5
formation,9
grandfather,11
hence,5
margin,6
wound,5
exhibition,10
legislature,11
furthermore,11
portrait,8
sustain,7
uniform,7
painful,7
miracle,7
zero,4
tactic,6
mask,4
calm,4
inflation,9
hunting,7
physically,10
flesh,5
temporary,9
nerve,5
lung,4
steady,6
headline,8
successfully,12
defendant,9
pole,4
satisfy,7
entrance,8
aircraft,8
withdraw,8
cabinet,7
repeatedly,10
happiness,9
admission,9
correlation,11
proportion,10
dispute,7
candy,5
counselor,9
recording,9
pile,4
explosion,9
appoint,7
couch,5
cognitive,9
furniture,9
significance,12
grateful,8
commissioner,12
shelf,5
tremendous,10
warrior,7
physics,7
garage,6
flavor,6
squeeze,7
prominent,9
fifty,5
fade,4
oven,4
satisfaction,12
discrimination,14
recession,9
allegation,10
boom,4
weekly,6
lately,6
restriction,11
diamond,7
conviction,10
heel,4
fake,4
fame,4
shine,5
playoff,7
actress,7
cheat,5
format,6
controversy,11
auto,4
grocery,7
headquarters,12
rip,3
shade,5
regulate,8
meter,5
olympic,7
pipe,4
celebration,11
handful,7
copyright,9
dependent,9
signature,9
bishop,6
strengthen,10
soup,4
entitle,7
whoever,7
carrier,7
anniversary,11
pizza,5
ethics,6
legend,6
eagle,5
scholarship,11
membership,10
standing,8
possession,10
treaty,6
partly,6
consciousness,13
manufacturing,13
announcement,12
tire,4
makeup,6
prediction,10
stability,9
norm,4
irish,5
genius,6
gently,6
operator,8
mall,4
rumor,5
poet,4
tendency,8
subsequent,10
explode,7
controversial,13
maintenance,11
courage,7
exceed,6
vaccine,7
identification,14
sandwich,8
bull,4
lens,4
twelve,6
mainstream,10
presidency,10
integrity,9
distinct,8
intelligent,11
secondary,9
bias,4
hypothesis,10
fifteen,7
nomination,10
adjustment,10
sanction,8
render,6
acceptable,10
mutual,6
examination,11
meaningful,10
communist,9
superior,8
currency,8
collective,10
flame,5
guitar,6
doctrine,8
float,5
commerce,8
invent,6
robot,5
rapid,5
respectively,12
particle,8
glove,5
edit,4
moderate,8
jazz,4
infant,6
summary,7
server,6
leather,7
radiation,9
prompt,6
composition,11
operating,9
assert,6
discourse,9
dump,4
wildlife,8
soccer,6
mandate,7
nightmare,9
barrel,6
homeless,8
globe,5
uncomfortable,13
execute,7
gesture,7
pale,4
tent,4
receiver,8
horizon,7
diagnosis,9
considerable,12
gospel,6
automatically,13
fighting,8
stroke,6
wander,6
duck,4
grain,5
beast,5
remark,6
fabric,6
civilization,12
corruption,10
ma'am,5
greatly,7
workshop,8
inquiry,7
cd,2
admire,6
exclude,7
rifle,5
closet,6
reporting,9
curve,5
patch,5
touchdown,9
experimental,12
earnings,8
hunter,6
tunnel,6
corps,5
behave,6
motivate,8
elderly,7
virtual,7
weakness,8
progressive,11
doc,3
virtue,6
ounce,5
athletic,8
confusion,9
legislative,11
facilitate,10
midnight,8
deer,4
undergo,7
heritage,8
summit,6
sword,5
telescope,9
donate,6
blade,5
toe,3
agriculture,11
enforce,7
recruit,7
dose,4
concerning,10
integrate,9
prescription,12
retail,6
adoption,8
monthly,7
deadly,6
grave,5
rope,4
reliable,8
transaction,11
lawn,4
consistently,12
bubble,6
briefly,7
absorb,6
princess,8
log,3
blanket,7
kingdom,7
anticipate,10
bug,3
dedicate,8
nominee,7
transformation,14
temple,6
arrival,7
frustration,11
changing,8
demonstration,13
pollution,9
poster,6
nail,4
nonprofit,9
guidance,8
pen,3
interrupt,9
lemon,5
bankruptcy,10
resign,6
dominant,8
invasion,8
sacred,6
replacement,11
portray,7
hunt,4
distinguish,11
melt,4
consensus,9
hardware,8
rail,4
mate,4
korean,6
cabin,5
dining,6
snake,5
tobacco,7
orientation,11
wherever,8
seize,5
punish,6
depict,6
input,5
seemingly,9
widespread,10
competitor,10
flip,4
freshman,8
donation,8
administrative,14
donor,5
gradually,9
overlook,8
toilet,6
pleased,7
resemble,8
ideology,8
glory,5
maximum,7
organ,5
skip,4
starting,8
brick,5
gut,3
reservation,11
rebel,5
disappointed,12
oak,3
valid,5
instructor,10
racism,6
pension,7
diabetes,8
cluster,7
eager,5
marijuana,9
combat,6
praise,6
costume,7
sixth,5
frequent,8
inspiration,11
concrete,8
cooking,7
conspiracy,10
trait,5
van,3
institutional,13
garlic,6
drinking,8
crystal,7
helicopter,10
counsel,7
equation,8
roman,5
sophisticated,13
timing,6
pope,4
opera,5
ethical,7
indication,10
motive,6
porch,5
reinforce,9
gaze,4
ours,4
lap,3
written,7
reverse,7
starter,7
injure,6
chronic,7
continued,9
exclusive,9
colonel,7
beef,4
abroad,6
thanksgiving,12
intensity,9
cave,4
basement,8
associated,10
fascinating,11
interact,8
illustration,12
essence,7
container,9
driving,7
dynamic,7
gym,3
bat,3
plead,5
promotion,9
uncertainty,11
ownership,9
officially,10
tag,3
documentary,11
guilt,5
alarm,5
turkey,6
diagnose,8
precious,8
swallow,7
initiate,8
fitness,7
restrict,8
gulf,4
mommy,5
unexpected,10
shrug,5
agricultural,12
spectrum,8
dragon,6
bacteria,8
shore,5
pastor,6
cliff,5
adequate,8
tackle,6
occupation,10
compose,7
brave,5
stimulus,8
patent,6
powder,6
harsh,5
chaos,5
kit,3
piano,5
surprisingly,12
lend,4
correctly,9
govern,6
modest,6
shared,6
psychologist,12
servant,7
overwhelming,12
elevator,8
hispanic,8
divine,6
transmission,12
commonly,8
cowboy,6
intent,6
counseling,10
gentle,6
rhythm,6
complexity,10
nonetheless,11
effectiveness,13
lonely,6
statistical,11
longtime,8
strain,6
garbage,7
devote,6
venture,7
aide,4
subtle,6
rod,3
t-shirt,7
endure,6
basket,6
strict,6
loser,5
franchise,9
saint,5
prosecution,11
lyrics,6
compound,8
architecture,12
destination,11
cope,4
province,8
sum,3
lecture,7
spill,5
genuine,7
upstairs,8
trading,7
acceptance,10
revelation,10
indicator,9
collaboration,13
rhetoric,8
slam,4
inevitable,10
monkey,6
protocol,8
productive,10
jeans,5
companion,9
convict,7
boost,5
recipient,9
practically,11
array,5
persuade,8
undermine,9
yep,3
ranch,5
scout,5
medal,5
endless,7
translation,11
ski,3
conservation,12
habitat,7
contractor,10
trailer,7
pitcher,7
towel,5
goodbye,7
bonus,5
dramatically,12
genre,5
caller,6
exit,4
behavioral,10
omit,4
pit,3
boring,6
suspend,7
cholesterol,11
closed,6
advertisement,13
bombing,7
consult,7
expertise,9
creator,7
peaceful,8
provided,8
tablet,6
ruling,6
warming,7
equity,6
rational,8
utilize,7
pine,4
bitter,6
surgeon,7
affordable,10
tennis,6
artistic,8
download,8
suffering,9
accuracy,8
literacy,8
treasury,8
talented,8
crown,5
importantly,11
bare,4
invisible,9
sergeant,8
regulatory,10
thumb,5
colony,6
walking,7
accessible,10
integration,11
spouse,6
excitement,10
residence,9
bold,4
adolescent,10
greek,5
doll,4
oxygen,6
gravity,7
functional,10
palace,6
echo,4
cotton,6
estimated,9
endorse,7
lawmaker,8
determination,13
simultaneously,14
dynamics,8
shell,5
hint,4
administer,10
christianity,12
distract,8
alleged,7
statute,7
biology,7
follower,8
nasty,5
evident,7
confess,7
eligible,8
consent,7
bloody,6
occasional,10
trunk,5
prohibit,8
sustainable,11
belly,5
banking,7
journalism,10
obstacle,8
ridge,5
heal,4
cheer,5
apology,7
tumor,5
architect,9
wrist,5
harbor,6
handsome,8
realm,5
inspector,9
surveillance,12
trauma,6
rebuild,7
romance,7
gross,5
deadline,8
classical,9
convey,6
compensation,12
insect,6
output,6
parliament,10
suite,5
opposed,7
fold,4
separation,10
demon,5
eating,6
structural,10
equality,8
logical,7
probability,11
await,5
generous,8
acquisition,11
custody,7
greet,5
trash,5
judicial,8
earthquake,10
insane,6
realistic,9
assemble,8
necessity,9
horn,4
parameter,9
grip,4
modify,6
mathematics,11
hallway,7
african-american,16
liability,9
crawl,5
theoretical,11
condemn,7
fluid,5
homeland,8
technological,13
exam,4
anchor,6
considering,11
conscious,9
vitamin,7
known,5
hostage,7
actively,8
mill,4
teenage,7
retrieve,8
processing,10
sentiment,9
offering,8
oral,4
convinced,9
photography,11
coin,4
laptop,6
bounce,6
goodness,8
affiliation,11
burst,5
bee,3
blessing,8
continuous,10
landing,7
ritual,6
bath,4
sneak,5
historically,12
mud,3
scan,4
reminder,8
hers,4
slavery,7
supervisor,10
quantity,8
olympics,8
pleasant,8
slope,5
skirt,5
outlet,6
curtain,7
declaration,11
immune,6
calendar,8
paragraph,9
identical,9
regret,6
quest,5
entrepreneur,12
specify,7
stumble,7
clay,4
noon,4
elbow,5
outstanding,11
uh-huh,6
unity,5
manipulate,10
airplane,8
portfolio,9
mysterious,10
delicious,9
northwest,9
sweat,5
profound,8
treasure,8
flour,5
lightly,7
rally,5
default,7
alongside,9
hug,3
isolate,7
exploration,11
limb,4
enroll,6
outer,5
charter,7
southwest,9
arena,5
witch,5
upcoming,8
forty,5
someday,7
unite,5
courtesy,8
statue,6
fist,4
castle,6
precise,7
squad,5
cruise,6
legally,7
embassy,7
patience,8
thereby,7
bush,4
purple,6
electrical,10
outfit,6
cage,4
retired,7
shark,5
lobby,5
sidewalk,8
runner,6
ankle,5
attraction,10
artificial,10
mercy,5
indigenous,10
slap,4
dancer,6
candle,6
needle,6
hidden,6
chronicle,9
suburb,6
toxic,5
underlying,10
sensor,6
deploy,6
debut,5
magnitude,9
suspicion,9
colonial,8
icon,4
grandma,7
info,4
jurisdiction,12
iranian,7
parade,6
archive,7
gifted,6
rage,4
outdoor,7
ending,6
loop,4
altogether,10
burning,7
reception,9
crush,5
premise,7
deem,4
automatic,9
whale,5
mechanical,10
credibility,11
drain,5
drift,5
loyalty,7
promising,9
tide,4
traveler,8
grief,5
metaphor,8
skull,5
pursuit,7
therapist,9
backup,6
workplace,9
instinct,8
export,6
bleed,5
seventh,7
fixed,5
broadcast,9
disclose,8
execution,9
pal,3
chuckle,7
density,7
correction,10
kinda,5
relieve,7
teammate,8
corridor,8
enthusiasm,10
extended,8
alright,7
panic,5
pad,3
bid,3
mild,4
productivity,12
tuck,4
railroad,8
frozen,6
minimize,8
amid,4
inspection,10
cab,3
expected,8
nonsense,8
leap,4
rider,5
theology,8
terrific,8
accent,6
invitation,10
liar,4
oversee,7
awkward,7
registration,12
suburban,8
momentum,8
instantly,9
clerk,5
chin,4
hockey,6
laser,5
proposition,11
rob,3
beam,4
ancestor,8
creativity,10
verse,5
casual,6
objection,9
clever,6
shove,5
revolutionary,13
carbohydrate,12
steam,5
reportedly,10
forehead,8
resume,6
sheep,5
carpet,6
cloth,5
full-time,9
questionnaire,13
departure,9
behalf,6
graph,5
diplomatic,10
thief,5
herb,4
subsidy,7
fossil,6
patrol,6
pulse,5
mechanic,8
cattle,6
screening,9
continuing,10
electoral,9
supposedly,10
dignity,7
prophet,7
commentary,10
serving,7
safely,6
homework,8
allegedly,9
android,7
alpha,5
insert,6
mortality,9
contend,7
elephant,8
solely,6
continent,9
ecosystem,9
olive,5
syndrome,8
abstract,8
accusation,10
coming,6
sock,4
pickup,6
shuttle,7
improved,8
calculation,11
innovative,10
demographic,11
accommodate,11
jaw,3
unfair,6
tragic,6
comprise,8
faster,6
nutrition,9
mentor,6
stance,6
rabbit,6
dot,3
contributor,11
cooperate,9
disk,4
hesitate,8
offend,6
exploit,7
compel,6
likelihood,10
sibling,7
southeast,9
gorgeous,8
undertake,9
painter,7
residential,11
counterpart,11
believer,8
lamp,4
inmate,6
thoroughly,10
freak,5
filter,6
pillow,6
orbit,5
purse,5
likewise,8
cease,5
passing,7
vanish,6
instructional,13
clause,6
mentally,8
pond,4
neutral,7
shield,6
popularity,10
cartoon,7
authorize,9
combined,8
graphic,7
darling,7
traditionally,13
vendor,6
poorly,6
conceive,8
opt,3
descend,7
firmly,6
beloved,7
openly,6
gathering,9
fever,5
preach,6
interfere,9
arrow,5
required,8
capitalism,10
fork,4
meantime,8
presumably,10
racist,6
illusion,8
removal,7
anxious,7
organism,8
awake,5
sculpture,9
spare,5
harassment,10
drum,4
diminish,8
helmet,6
certificate,11
tribal,6
mmm,3
sadly,5
cart,4
spy,3
sunlight,8
delete,6
rookie,6
clarify,7
hunger,6
practitioner,12
performer,9
protective,10
jar,3
programming,11
dawn,4
salmon,6
census,6
accomplishment,14
conscience,10
fortunately,11
minimal,7
molecule,8
supportive,10
sole,4
threshold,9
inventory,9
comply,6
monetary,8
shy,3
drill,5
influential,11
verbal,6
ranking,7
gram,4
grasp,5
puzzle,6
envelope,8
classify,8
enact,5
unfortunate,11
scatter,7
readily,7
discount,8
addiction,9
emerging,8
worthy,6
marker,6
juror,5
blend,5
businessman,11
premium,7
retailer,8
liver,5
pirate,6
protester,9
outlook,7
elder,5
gallon,6
additionally,12
ignorance,9
chemistry,9
sometime,8
weed,4
babe,4
fraction,8
conversion,10
tolerate,8
drown,5
merit,5
citizenship,11
coordinator,11
validity,8
lightning,9
turtle,6
ambition,8
worldwide,9
sail,4
added,5
delicate,8
soap,4
hostile,7
instruct,8
shortage,8
useless,7
booth,5
diary,5
gasp,4
suspicious,10
transit,7
excite,6
publishing,10
curiosity,9
grid,4
rolling,7
bow,3
cruel,5
disclosure,10
rival,5
denial,6
secular,7
speculation,11
sympathy,8
tender,6
inappropriate,13
o'clock,7
sodium,6
bang,4
challenging,11
ipad,4
sack,4
barn,4
reliability,11
hormone,7
footage,7
carve,5
alley,5
coastal,7
cafe,4
partial,7
flexible,8
experienced,11
mixed,5
vampire,7
optimistic,10
dessert,7
well-being,10
northeast,9
specialize,10
fleet,5
availability,12
compliance,10
pin,3
pork,4
astronomer,10
forbid,6
installation,12
boil,4
nest,4
exclusively,11
goat,4
shallow,7
equip,5
equivalent,10
betray,6
willingness,11
banker,6
interval,8
gasoline,8
encouraging,11
bucket,6
theft,5
laundry,7
constraint,10
dying,5
hatred,6
jewelry,7
migration,9
invention,9
loving,6
revenge,7
unprecedented,13
outline,7
sheer,5
halloween,9
sweetheart,10
spit,4
lazy,4
intimate,8
defender,8
technically,11
peanut,6
unclear,7
workout,7
wilderness,10
compelling,10
eleven,6
backyard,8
alike,5
partially,9
guardian,8
passionate,10
scripture,9
midst,5
ideological,11
thrive,6
sensitivity,11
emotionally,11
ignorant,8
explicitly,10
unfold,6
headache,8
eternal,7
chop,4
ego,3
spectacular,11
deposit,7
verdict,7
accountability,14
nominate,8
civic,5
uncover,7
critique,8
aisle,5
tropical,8
annually,8
eighth,6
blast,5
corrupt,7
compassion,10
scratch,7
verify,6
offender,8
inherit,7
strive,6
chunk,5
appreciation,12
canvas,6
short-term,10
proceedings,11
magical,7
loyal,5
aah,3
desperately,11
throne,6
brutal,6
spite,5
propaganda,10
irony,5
soda,4
projection,10
dutch,5
parental,8
disabled,8
collector,9
re-election,11
disappointment,14
happily,7
steep,5
fancy,5
listener,8
whip,4
drawer,6
heck,4
developmental,13
ash,3
socially,8
courtroom,9
stamp,5
solo,4
trainer,7
induce,6
anytime,7
morality,8
syrian,6
pipeline,8
bride,5
instant,7
spark,5
doorway,7
interface,9
learner,7
casino,6
placement,9
cord,4
conception,10
flexibility,11
thou,4
elegant,7
flaw,4
locker,6
peel,4
plea,4
goddamn,7
import,6
stack,5
gosh,4
philosophical,13
junk,4
bicycle,7
vocal,5
chew,4
destiny,7
ambitious,9
unbelievable,12
halfway,7
jealous,7
sphere,6
invade,6
excessive,9
countless,9
sunset,6
accounting,10
faithful,8
freely,6
extract,7
adaptation,10
ray,3
depressed,9
emperor,7
wagon,5
columnist,9
jungle,6
embarrassed,11
trillion,8
breeze,6
foster,6
venue,5
discourage,10
disturbing,10
riot,4
isolation,9
explicit,8
commodity,9
attendance,10
tab,3
consequently,12
dough,5
streak,6
silk,4
similarity,10
steak,5
dancing,7
petition,8
viable,6
breathing,9
mm,2
balloon,7
monument,8
cue,3
sleeve,6
toll,4
reluctant,9
warrant,7
stiff,5
tattoo,6
softly,6
graduation,10
deliberately,12
consecutive,11
upgrade,7
accurately,10
strictly,8
leak,4
casualty,8
risky,5
banana,6
blank,5
beneficial,10
shrink,6
chat,4
rack,4
rude,4
usage,5
testament,9
browser,7
processor,9
thigh,5
perceived,9
talking,7
merchant,8
quantum,7
eyebrow,7
surrounding,11
vocabulary,10
ashamed,7
eh,2
radar,5
stunning,8
murderer,8
burger,6
collar,6
align,5
textbook,8
sensation,9
afterward,9
charm,5
sunny,5
hammer,6
keyboard,8
persist,7
wheat,5
predator,8
bizarre,7